,acousticness,analysis_url,danceability,duration_ms,energy,id,instrumentalness,key,liveness,loudness,mode,speechiness,tempo,time_range,time_signature,track_href,type,uri,valence
0,0.151,https://api.spotify.com/v1/audio-analysis/7fH9ZS8gezOtky5bkYHvCN,0.437,265733.0,0.586,7fH9ZS8gezOtky5bkYHvCN,3.13e-06,4.0,0.0996,-6.708,1.0,0.0274,150.14,long_term,4.0,https://api.spotify.com/v1/tracks/7fH9ZS8gezOtky5bkYHvCN,audio_features,spotify:track:7fH9ZS8gezOtky5bkYHvCN,0.252
1,0.316,https://api.spotify.com/v1/audio-analysis/0rufHvzVQmCDpjf3qWLtC3,0.689,245585.0,0.425,0rufHvzVQmCDpjf3qWLtC3,0.0,8.0,0.122,-7.23,1.0,0.314,93.95,long_term,4.0,https://api.spotify.com/v1/tracks/0rufHvzVQmCDpjf3qWLtC3,audio_features,spotify:track:0rufHvzVQmCDpjf3qWLtC3,0.371
2,0.139,https://api.spotify.com/v1/audio-analysis/5WxzuqQCeCsFlUEStzTp3K,0.825,195187.0,0.761,5WxzuqQCeCsFlUEStzTp3K,0.0,1.0,0.157,-6.591,1.0,0.189,88.994,long_term,4.0,https://api.spotify.com/v1/tracks/5WxzuqQCeCsFlUEStzTp3K,audio_features,spotify:track:5WxzuqQCeCsFlUEStzTp3K,0.875
3,0.961,https://api.spotify.com/v1/audio-analysis/3weNRklVDqb4Rr5MhKBR3D,0.191,357707.0,0.0582,3weNRklVDqb4Rr5MhKBR3D,0.89,8.0,0.0941,-25.398,1.0,0.0578,132.614,long_term,1.0,https://api.spotify.com/v1/tracks/3weNRklVDqb4Rr5MhKBR3D,audio_features,spotify:track:3weNRklVDqb4Rr5MhKBR3D,0.0454
4,0.427,https://api.spotify.com/v1/audio-analysis/1gwVDu3zIbLfufg69APtCT,0.741,193605.0,0.556,1gwVDu3zIbLfufg69APtCT,0.0,7.0,0.104,-6.904,0.0,0.113,79.043,long_term,4.0,https://api.spotify.com/v1/tracks/1gwVDu3zIbLfufg69APtCT,audio_features,spotify:track:1gwVDu3zIbLfufg69APtCT,0.71
5,0.291,https://api.spotify.com/v1/audio-analysis/66tkDkPsznE5zIHNt4QkXB,0.863,249957.0,0.533,66tkDkPsznE5zIHNt4QkXB,0.00126,5.0,0.0794,-7.986,0.0,0.0484,102.025,long_term,4.0,https://api.spotify.com/v1/tracks/66tkDkPsznE5zIHNt4QkXB,audio_features,spotify:track:66tkDkPsznE5zIHNt4QkXB,0.738
6,0.0603,https://api.spotify.com/v1/audio-analysis/6UjBPdD3La0j1JTaT7R6fK,0.822,221709.0,0.696,6UjBPdD3La0j1JTaT7R6fK,0.000144,0.0,0.0717,-8.468,1.0,0.0474,117.049,long_term,4.0,https://api.spotify.com/v1/tracks/6UjBPdD3La0j1JTaT7R6fK,audio_features,spotify:track:6UjBPdD3La0j1JTaT7R6fK,0.856
7,0.168,https://api.spotify.com/v1/audio-analysis/3AQLL3Waks6LJ9FI8TFHGA,0.686,243147.0,0.735,3AQLL3Waks6LJ9FI8TFHGA,8.88e-05,8.0,0.44,-7.063,1.0,0.0332,110.577,long_term,4.0,https://api.spotify.com/v1/tracks/3AQLL3Waks6LJ9FI8TFHGA,audio_features,spotify:track:3AQLL3Waks6LJ9FI8TFHGA,0.483
8,0.669,https://api.spotify.com/v1/audio-analysis/51rPRW8NjxZoWPPjnRGzHw,0.704,301893.0,0.487,51rPRW8NjxZoWPPjnRGzHw,8.64e-05,9.0,0.111,-6.407,0.0,0.0604,121.726,long_term,4.0,https://api.spotify.com/v1/tracks/51rPRW8NjxZoWPPjnRGzHw,audio_features,spotify:track:51rPRW8NjxZoWPPjnRGzHw,0.313
9,0.422,https://api.spotify.com/v1/audio-analysis/1NUG3U8WHVJsWfcbqqV1WU,0.735,201027.0,0.45,1NUG3U8WHVJsWfcbqqV1WU,0.0,8.0,0.108,-9.281,1.0,0.0346,125.951,long_term,4.0,https://api.spotify.com/v1/tracks/1NUG3U8WHVJsWfcbqqV1WU,audio_features,spotify:track:1NUG3U8WHVJsWfcbqqV1WU,0.35
10,0.00196,https://api.spotify.com/v1/audio-analysis/1a7T0Ethftlcle1yIZU27G,0.553,241920.0,0.901,1a7T0Ethftlcle1yIZU27G,1.53e-06,1.0,0.162,-4.055,0.0,0.0835,150.162,long_term,4.0,https://api.spotify.com/v1/tracks/1a7T0Ethftlcle1yIZU27G,audio_features,spotify:track:1a7T0Ethftlcle1yIZU27G,0.587
11,0.339,https://api.spotify.com/v1/audio-analysis/6q05J9erHFY3nAw6eG4jmd,0.641,181360.0,0.544,6q05J9erHFY3nAw6eG4jmd,0.0,11.0,0.0443,-11.213,0.0,0.223,120.84,long_term,4.0,https://api.spotify.com/v1/tracks/6q05J9erHFY3nAw6eG4jmd,audio_features,spotify:track:6q05J9erHFY3nAw6eG4jmd,0.654
12,0.117,https://api.spotify.com/v1/audio-analysis/4f9fwRXOdxxqFu8pgyLNSS,0.845,222367.0,0.745,4f9fwRXOdxxqFu8pgyLNSS,0.0,11.0,0.403,-7.339,1.0,0.255,100.08,long_term,4.0,https://api.spotify.com/v1/tracks/4f9fwRXOdxxqFu8pgyLNSS,audio_features,spotify:track:4f9fwRXOdxxqFu8pgyLNSS,0.796
13,0.103,https://api.spotify.com/v1/audio-analysis/4ZhPLoMzZwewHLLjV1J15c,0.575,232467.0,0.555,4ZhPLoMzZwewHLLjV1J15c,1.3e-06,4.0,0.111,-7.495,1.0,0.0453,95.361,long_term,4.0,https://api.spotify.com/v1/tracks/4ZhPLoMzZwewHLLjV1J15c,audio_features,spotify:track:4ZhPLoMzZwewHLLjV1J15c,0.504
14,0.0515,https://api.spotify.com/v1/audio-analysis/1zS4PMsHfkSXPkzrEkCkC6,0.753,134040.0,0.539,1zS4PMsHfkSXPkzrEkCkC6,1.19e-05,6.0,0.0841,-8.03,0.0,0.425,83.92,long_term,4.0,https://api.spotify.com/v1/tracks/1zS4PMsHfkSXPkzrEkCkC6,audio_features,spotify:track:1zS4PMsHfkSXPkzrEkCkC6,0.78
15,0.874,https://api.spotify.com/v1/audio-analysis/6Nle9hKrkL1wQpwNfEkxjh,0.776,210285.0,0.503,6Nle9hKrkL1wQpwNfEkxjh,0.0,0.0,0.112,-5.732,0.0,0.237,110.134,long_term,4.0,https://api.spotify.com/v1/tracks/6Nle9hKrkL1wQpwNfEkxjh,audio_features,spotify:track:6Nle9hKrkL1wQpwNfEkxjh,0.473
16,0.592,https://api.spotify.com/v1/audio-analysis/06WnUZymWyJamDivTWqJZA,0.559,221895.0,0.67,06WnUZymWyJamDivTWqJZA,0.000184,7.0,0.171,-4.985,1.0,0.0474,78.957,long_term,4.0,https://api.spotify.com/v1/tracks/06WnUZymWyJamDivTWqJZA,audio_features,spotify:track:06WnUZymWyJamDivTWqJZA,0.438
17,0.922,https://api.spotify.com/v1/audio-analysis/3U4isOIWM3VvDubwSI3y7a,0.422,269560.0,0.264,3U4isOIWM3VvDubwSI3y7a,0.0,8.0,0.132,-7.064,1.0,0.0322,119.93,long_term,4.0,https://api.spotify.com/v1/tracks/3U4isOIWM3VvDubwSI3y7a,audio_features,spotify:track:3U4isOIWM3VvDubwSI3y7a,0.331
18,0.143,https://api.spotify.com/v1/audio-analysis/0I3q5fE6wg7LIfHGngUTnV,0.843,270507.0,0.806,0I3q5fE6wg7LIfHGngUTnV,0.0,4.0,0.0771,-5.946,0.0,0.269,94.948,long_term,4.0,https://api.spotify.com/v1/tracks/0I3q5fE6wg7LIfHGngUTnV,audio_features,spotify:track:0I3q5fE6wg7LIfHGngUTnV,0.613
19,0.393,https://api.spotify.com/v1/audio-analysis/6VNooTY5w9A9wg1YUsEbKB,0.697,218358.0,0.578,6VNooTY5w9A9wg1YUsEbKB,0.379,9.0,0.106,-5.213,0.0,0.095,114.995,long_term,4.0,https://api.spotify.com/v1/tracks/6VNooTY5w9A9wg1YUsEbKB,audio_features,spotify:track:6VNooTY5w9A9wg1YUsEbKB,0.3
20,0.00564,https://api.spotify.com/v1/audio-analysis/4fzsfWzRhPawzqhX8Qt9F3,0.617,311867.0,0.717,4fzsfWzRhPawzqhX8Qt9F3,0.0,10.0,0.408,-7.858,0.0,0.153,103.992,long_term,4.0,https://api.spotify.com/v1/tracks/4fzsfWzRhPawzqhX8Qt9F3,audio_features,spotify:track:4fzsfWzRhPawzqhX8Qt9F3,0.49
21,0.328,https://api.spotify.com/v1/audio-analysis/2Fxmhks0bxGSBdJ92vM42m,0.701,194088.0,0.425,2Fxmhks0bxGSBdJ92vM42m,0.13,7.0,0.1,-10.965,1.0,0.375,135.128,long_term,4.0,https://api.spotify.com/v1/tracks/2Fxmhks0bxGSBdJ92vM42m,audio_features,spotify:track:2Fxmhks0bxGSBdJ92vM42m,0.562
22,0.046,https://api.spotify.com/v1/audio-analysis/47aQT2aV12TyilaoYi1NiD,0.795,242200.0,0.978,47aQT2aV12TyilaoYi1NiD,8.29e-05,10.0,0.143,-6.097,0.0,0.0459,114.321,long_term,4.0,https://api.spotify.com/v1/tracks/47aQT2aV12TyilaoYi1NiD,audio_features,spotify:track:47aQT2aV12TyilaoYi1NiD,0.843
23,0.173,https://api.spotify.com/v1/audio-analysis/4Ri84aoor16uSkNtpAvPgQ,0.919,303572.0,0.44,4Ri84aoor16uSkNtpAvPgQ,0.00392,1.0,0.0681,-11.588,1.0,0.0689,114.972,long_term,4.0,https://api.spotify.com/v1/tracks/4Ri84aoor16uSkNtpAvPgQ,audio_features,spotify:track:4Ri84aoor16uSkNtpAvPgQ,0.369
24,0.0987,https://api.spotify.com/v1/audio-analysis/4sFyLyuJOUVMDcaSg1oHEa,0.818,243946.0,0.562,4sFyLyuJOUVMDcaSg1oHEa,0.813,10.0,0.355,-7.779,0.0,0.0356,125.03,long_term,4.0,https://api.spotify.com/v1/tracks/4sFyLyuJOUVMDcaSg1oHEa,audio_features,spotify:track:4sFyLyuJOUVMDcaSg1oHEa,0.57
25,0.686,https://api.spotify.com/v1/audio-analysis/1eCTQhsNA31FcwyNcJcf86,0.702,156188.0,0.616,1eCTQhsNA31FcwyNcJcf86,0.0,6.0,0.145,-4.903,1.0,0.326,80.482,long_term,4.0,https://api.spotify.com/v1/tracks/1eCTQhsNA31FcwyNcJcf86,audio_features,spotify:track:1eCTQhsNA31FcwyNcJcf86,0.507
26,0.146,https://api.spotify.com/v1/audio-analysis/5ECxlbd1DVZ7CsGCRM6WG0,0.521,285285.0,0.628,5ECxlbd1DVZ7CsGCRM6WG0,0.00159,5.0,0.249,-10.824,0.0,0.0277,93.001,long_term,4.0,https://api.spotify.com/v1/tracks/5ECxlbd1DVZ7CsGCRM6WG0,audio_features,spotify:track:5ECxlbd1DVZ7CsGCRM6WG0,0.431
27,0.0533,https://api.spotify.com/v1/audio-analysis/2YpeDb67231RjR0MgVLzsG,0.878,157067.0,0.619,2YpeDb67231RjR0MgVLzsG,0.0,6.0,0.113,-5.56,1.0,0.102,136.041,long_term,4.0,https://api.spotify.com/v1/tracks/2YpeDb67231RjR0MgVLzsG,audio_features,spotify:track:2YpeDb67231RjR0MgVLzsG,0.639
28,0.325,https://api.spotify.com/v1/audio-analysis/3bH4HzoZZFq8UpZmI2AMgV,0.828,216015.0,0.689,3bH4HzoZZFq8UpZmI2AMgV,0.0384,7.0,0.0808,-7.878,1.0,0.0326,123.931,long_term,4.0,https://api.spotify.com/v1/tracks/3bH4HzoZZFq8UpZmI2AMgV,audio_features,spotify:track:3bH4HzoZZFq8UpZmI2AMgV,0.853
29,0.665,https://api.spotify.com/v1/audio-analysis/1hgX0ZmmP7IRRjUFCIBrnQ,0.741,310133.0,0.592,1hgX0ZmmP7IRRjUFCIBrnQ,0.854,6.0,0.116,-9.059,0.0,0.0308,111.984,long_term,4.0,https://api.spotify.com/v1/tracks/1hgX0ZmmP7IRRjUFCIBrnQ,audio_features,spotify:track:1hgX0ZmmP7IRRjUFCIBrnQ,0.822
30,0.434,https://api.spotify.com/v1/audio-analysis/2LGL71GENQR0oC9jMwTTZY,0.624,225493.0,0.628,2LGL71GENQR0oC9jMwTTZY,0.0,7.0,0.179,-9.846,1.0,0.0303,108.102,long_term,4.0,https://api.spotify.com/v1/tracks/2LGL71GENQR0oC9jMwTTZY,audio_features,spotify:track:2LGL71GENQR0oC9jMwTTZY,0.783
31,0.454,https://api.spotify.com/v1/audio-analysis/5CAztXp7af5FZR9Gbnnwk2,0.585,195067.0,0.347,5CAztXp7af5FZR9Gbnnwk2,1.66e-06,4.0,0.107,-13.157,0.0,0.0925,109.214,long_term,4.0,https://api.spotify.com/v1/tracks/5CAztXp7af5FZR9Gbnnwk2,audio_features,spotify:track:5CAztXp7af5FZR9Gbnnwk2,0.501
32,0.916,https://api.spotify.com/v1/audio-analysis/0E0pBUCKYX5M244qWl05mp,0.538,261983.0,0.245,0E0pBUCKYX5M244qWl05mp,0.843,4.0,0.107,-16.344,1.0,0.0283,139.566,long_term,4.0,https://api.spotify.com/v1/tracks/0E0pBUCKYX5M244qWl05mp,audio_features,spotify:track:0E0pBUCKYX5M244qWl05mp,0.261
33,0.0236,https://api.spotify.com/v1/audio-analysis/736MgYHdLtKTBKGJTutpGz,0.701,199173.0,0.663,736MgYHdLtKTBKGJTutpGz,0.0107,1.0,0.114,-9.076,1.0,0.0277,120.039,long_term,4.0,https://api.spotify.com/v1/tracks/736MgYHdLtKTBKGJTutpGz,audio_features,spotify:track:736MgYHdLtKTBKGJTutpGz,0.281
34,0.382,https://api.spotify.com/v1/audio-analysis/1snNAXmmPXCn0dkF9DaPWw,0.593,282813.0,0.392,1snNAXmmPXCn0dkF9DaPWw,0.000114,10.0,0.131,-6.872,0.0,0.0257,75.065,long_term,4.0,https://api.spotify.com/v1/tracks/1snNAXmmPXCn0dkF9DaPWw,audio_features,spotify:track:1snNAXmmPXCn0dkF9DaPWw,0.25
35,0.245,https://api.spotify.com/v1/audio-analysis/1LzNfuep1bnAUR9skqdHCK,0.42,295600.0,0.33,1LzNfuep1bnAUR9skqdHCK,0.000679,9.0,0.0677,-13.925,1.0,0.0275,157.143,long_term,3.0,https://api.spotify.com/v1/tracks/1LzNfuep1bnAUR9skqdHCK,audio_features,spotify:track:1LzNfuep1bnAUR9skqdHCK,0.175
36,0.000137,https://api.spotify.com/v1/audio-analysis/5YDbSfN5oKWBoeyf9nBA38,0.763,405699.0,0.807,5YDbSfN5oKWBoeyf9nBA38,0.909,5.0,0.295,-7.399,0.0,0.044,124.989,long_term,4.0,https://api.spotify.com/v1/tracks/5YDbSfN5oKWBoeyf9nBA38,audio_features,spotify:track:5YDbSfN5oKWBoeyf9nBA38,0.33
37,0.000741,https://api.spotify.com/v1/audio-analysis/3iCO0ZekWPK6rmLnDjejLB,0.564,180843.0,0.723,3iCO0ZekWPK6rmLnDjejLB,0.672,2.0,0.543,-6.983,0.0,0.0702,121.97,long_term,4.0,https://api.spotify.com/v1/tracks/3iCO0ZekWPK6rmLnDjejLB,audio_features,spotify:track:3iCO0ZekWPK6rmLnDjejLB,0.466
38,0.0576,https://api.spotify.com/v1/audio-analysis/3d9DChrdc6BOeFsbrZ3Is0,0.559,264307.0,0.345,3d9DChrdc6BOeFsbrZ3Is0,0.000105,4.0,0.141,-13.496,1.0,0.0459,84.581,long_term,4.0,https://api.spotify.com/v1/tracks/3d9DChrdc6BOeFsbrZ3Is0,audio_features,spotify:track:3d9DChrdc6BOeFsbrZ3Is0,0.458
39,0.275,https://api.spotify.com/v1/audio-analysis/24nL5EXPrdodyCdxXoRRBZ,0.935,198305.0,0.526,24nL5EXPrdodyCdxXoRRBZ,0.238,8.0,0.0673,-8.256,0.0,0.0645,118.009,long_term,4.0,https://api.spotify.com/v1/tracks/24nL5EXPrdodyCdxXoRRBZ,audio_features,spotify:track:24nL5EXPrdodyCdxXoRRBZ,0.778
40,0.367,https://api.spotify.com/v1/audio-analysis/5bJ1DrEM4hNCafcDd1oxHx,0.52,345133.0,0.538,5bJ1DrEM4hNCafcDd1oxHx,0.00187,1.0,0.119,-8.109,1.0,0.206,141.894,long_term,4.0,https://api.spotify.com/v1/tracks/5bJ1DrEM4hNCafcDd1oxHx,audio_features,spotify:track:5bJ1DrEM4hNCafcDd1oxHx,0.177
41,0.6,https://api.spotify.com/v1/audio-analysis/4IsHMzDbRE8q5Z4ALsQj3o,0.791,230500.0,0.329,4IsHMzDbRE8q5Z4ALsQj3o,0.863,10.0,0.193,-12.906,0.0,0.0592,127.021,long_term,4.0,https://api.spotify.com/v1/tracks/4IsHMzDbRE8q5Z4ALsQj3o,audio_features,spotify:track:4IsHMzDbRE8q5Z4ALsQj3o,0.526
42,0.0543,https://api.spotify.com/v1/audio-analysis/34dK493M256BU2UFA9XJ06,0.564,251053.0,0.676,34dK493M256BU2UFA9XJ06,0.0524,11.0,0.106,-10.49,0.0,0.0647,160.039,long_term,4.0,https://api.spotify.com/v1/tracks/34dK493M256BU2UFA9XJ06,audio_features,spotify:track:34dK493M256BU2UFA9XJ06,0.286
43,0.303,https://api.spotify.com/v1/audio-analysis/6tBt0CaRwJ10LVHVQkHDvw,0.69,211603.0,0.426,6tBt0CaRwJ10LVHVQkHDvw,0.00126,11.0,0.0835,-8.964,0.0,0.0374,170.025,long_term,4.0,https://api.spotify.com/v1/tracks/6tBt0CaRwJ10LVHVQkHDvw,audio_features,spotify:track:6tBt0CaRwJ10LVHVQkHDvw,0.673
44,0.0946,https://api.spotify.com/v1/audio-analysis/6vaSStNN5NX4nJ4QbRY3S0,0.391,246587.0,0.692,6vaSStNN5NX4nJ4QbRY3S0,1.58e-05,1.0,0.191,-6.543,0.0,0.0462,180.008,long_term,4.0,https://api.spotify.com/v1/tracks/6vaSStNN5NX4nJ4QbRY3S0,audio_features,spotify:track:6vaSStNN5NX4nJ4QbRY3S0,0.56
45,0.75,https://api.spotify.com/v1/audio-analysis/4S6PolgPZ5OLph314ww8Fg,0.606,221804.0,0.589,4S6PolgPZ5OLph314ww8Fg,0.0102,7.0,0.0922,-7.194,0.0,0.0456,174.285,long_term,4.0,https://api.spotify.com/v1/tracks/4S6PolgPZ5OLph314ww8Fg,audio_features,spotify:track:4S6PolgPZ5OLph314ww8Fg,0.889
46,0.192,https://api.spotify.com/v1/audio-analysis/21jGcNKet2qwijlDFuPiPb,0.695,215280.0,0.762,21jGcNKet2qwijlDFuPiPb,0.00244,0.0,0.0863,-3.497,1.0,0.0395,120.042,long_term,4.0,https://api.spotify.com/v1/tracks/21jGcNKet2qwijlDFuPiPb,audio_features,spotify:track:21jGcNKet2qwijlDFuPiPb,0.553
47,0.34,https://api.spotify.com/v1/audio-analysis/01D7nX5t321cgGgehXH0MU,0.779,197560.0,0.621,01D7nX5t321cgGgehXH0MU,0.0103,11.0,0.0747,-9.839,0.0,0.084,91.959,long_term,4.0,https://api.spotify.com/v1/tracks/01D7nX5t321cgGgehXH0MU,audio_features,spotify:track:01D7nX5t321cgGgehXH0MU,0.529
48,0.0644,https://api.spotify.com/v1/audio-analysis/0ofHAoxe9vBkTCp2UQIavz,0.828,257800.0,0.492,0ofHAoxe9vBkTCp2UQIavz,0.00428,0.0,0.128,-9.744,1.0,0.0276,120.151,long_term,4.0,https://api.spotify.com/v1/tracks/0ofHAoxe9vBkTCp2UQIavz,audio_features,spotify:track:0ofHAoxe9vBkTCp2UQIavz,0.789
49,0.145,https://api.spotify.com/v1/audio-analysis/4DAaQ5InUO23d8yNRbB0Yj,0.714,206073.0,0.663,4DAaQ5InUO23d8yNRbB0Yj,0.0,8.0,0.264,-5.799,1.0,0.0694,95.497,long_term,4.0,https://api.spotify.com/v1/tracks/4DAaQ5InUO23d8yNRbB0Yj,audio_features,spotify:track:4DAaQ5InUO23d8yNRbB0Yj,0.64
50,0.316,https://api.spotify.com/v1/audio-analysis/0rufHvzVQmCDpjf3qWLtC3,0.689,245585.0,0.425,0rufHvzVQmCDpjf3qWLtC3,0.0,8.0,0.122,-7.23,1.0,0.314,93.95,medium_term,4.0,https://api.spotify.com/v1/tracks/0rufHvzVQmCDpjf3qWLtC3,audio_features,spotify:track:0rufHvzVQmCDpjf3qWLtC3,0.371
51,0.151,https://api.spotify.com/v1/audio-analysis/7fH9ZS8gezOtky5bkYHvCN,0.437,265733.0,0.586,7fH9ZS8gezOtky5bkYHvCN,3.13e-06,4.0,0.0996,-6.708,1.0,0.0274,150.14,medium_term,4.0,https://api.spotify.com/v1/tracks/7fH9ZS8gezOtky5bkYHvCN,audio_features,spotify:track:7fH9ZS8gezOtky5bkYHvCN,0.252
52,0.0603,https://api.spotify.com/v1/audio-analysis/6UjBPdD3La0j1JTaT7R6fK,0.822,221709.0,0.696,6UjBPdD3La0j1JTaT7R6fK,0.000144,0.0,0.0717,-8.468,1.0,0.0474,117.049,medium_term,4.0,https://api.spotify.com/v1/tracks/6UjBPdD3La0j1JTaT7R6fK,audio_features,spotify:track:6UjBPdD3La0j1JTaT7R6fK,0.856
53,0.168,https://api.spotify.com/v1/audio-analysis/3AQLL3Waks6LJ9FI8TFHGA,0.686,243147.0,0.735,3AQLL3Waks6LJ9FI8TFHGA,8.88e-05,8.0,0.44,-7.063,1.0,0.0332,110.577,medium_term,4.0,https://api.spotify.com/v1/tracks/3AQLL3Waks6LJ9FI8TFHGA,audio_features,spotify:track:3AQLL3Waks6LJ9FI8TFHGA,0.483
54,0.139,https://api.spotify.com/v1/audio-analysis/5WxzuqQCeCsFlUEStzTp3K,0.825,195187.0,0.761,5WxzuqQCeCsFlUEStzTp3K,0.0,1.0,0.157,-6.591,1.0,0.189,88.994,medium_term,4.0,https://api.spotify.com/v1/tracks/5WxzuqQCeCsFlUEStzTp3K,audio_features,spotify:track:5WxzuqQCeCsFlUEStzTp3K,0.875
55,0.00196,https://api.spotify.com/v1/audio-analysis/1a7T0Ethftlcle1yIZU27G,0.553,241920.0,0.901,1a7T0Ethftlcle1yIZU27G,1.53e-06,1.0,0.162,-4.055,0.0,0.0835,150.162,medium_term,4.0,https://api.spotify.com/v1/tracks/1a7T0Ethftlcle1yIZU27G,audio_features,spotify:track:1a7T0Ethftlcle1yIZU27G,0.587
56,0.143,https://api.spotify.com/v1/audio-analysis/0I3q5fE6wg7LIfHGngUTnV,0.843,270507.0,0.806,0I3q5fE6wg7LIfHGngUTnV,0.0,4.0,0.0771,-5.946,0.0,0.269,94.948,medium_term,4.0,https://api.spotify.com/v1/tracks/0I3q5fE6wg7LIfHGngUTnV,audio_features,spotify:track:0I3q5fE6wg7LIfHGngUTnV,0.613
57,0.117,https://api.spotify.com/v1/audio-analysis/4f9fwRXOdxxqFu8pgyLNSS,0.845,222367.0,0.745,4f9fwRXOdxxqFu8pgyLNSS,0.0,11.0,0.403,-7.339,1.0,0.255,100.08,medium_term,4.0,https://api.spotify.com/v1/tracks/4f9fwRXOdxxqFu8pgyLNSS,audio_features,spotify:track:4f9fwRXOdxxqFu8pgyLNSS,0.796
58,0.103,https://api.spotify.com/v1/audio-analysis/4ZhPLoMzZwewHLLjV1J15c,0.575,232467.0,0.555,4ZhPLoMzZwewHLLjV1J15c,1.3e-06,4.0,0.111,-7.495,1.0,0.0453,95.361,medium_term,4.0,https://api.spotify.com/v1/tracks/4ZhPLoMzZwewHLLjV1J15c,audio_features,spotify:track:4ZhPLoMzZwewHLLjV1J15c,0.504
59,0.0946,https://api.spotify.com/v1/audio-analysis/6vaSStNN5NX4nJ4QbRY3S0,0.391,246587.0,0.692,6vaSStNN5NX4nJ4QbRY3S0,1.58e-05,1.0,0.191,-6.543,0.0,0.0462,180.008,medium_term,4.0,https://api.spotify.com/v1/tracks/6vaSStNN5NX4nJ4QbRY3S0,audio_features,spotify:track:6vaSStNN5NX4nJ4QbRY3S0,0.56
60,0.6,https://api.spotify.com/v1/audio-analysis/4IsHMzDbRE8q5Z4ALsQj3o,0.791,230500.0,0.329,4IsHMzDbRE8q5Z4ALsQj3o,0.863,10.0,0.193,-12.906,0.0,0.0592,127.021,medium_term,4.0,https://api.spotify.com/v1/tracks/4IsHMzDbRE8q5Z4ALsQj3o,audio_features,spotify:track:4IsHMzDbRE8q5Z4ALsQj3o,0.526
61,0.15,https://api.spotify.com/v1/audio-analysis/57NBEAz6VAVEcVUaVEVXvH,0.593,221115.0,0.497,57NBEAz6VAVEcVUaVEVXvH,0.866,5.0,0.166,-11.677,1.0,0.0295,139.987,medium_term,4.0,https://api.spotify.com/v1/tracks/57NBEAz6VAVEcVUaVEVXvH,audio_features,spotify:track:57NBEAz6VAVEcVUaVEVXvH,0.667
62,0.592,https://api.spotify.com/v1/audio-analysis/06WnUZymWyJamDivTWqJZA,0.559,221895.0,0.67,06WnUZymWyJamDivTWqJZA,0.000184,7.0,0.171,-4.985,1.0,0.0474,78.957,medium_term,4.0,https://api.spotify.com/v1/tracks/06WnUZymWyJamDivTWqJZA,audio_features,spotify:track:06WnUZymWyJamDivTWqJZA,0.438
63,0.318,https://api.spotify.com/v1/audio-analysis/1GCP8U6zN6l0cSaArj9THT,0.832,246818.0,0.719,1GCP8U6zN6l0cSaArj9THT,0.000663,10.0,0.107,-5.427,0.0,0.0545,115.053,medium_term,4.0,https://api.spotify.com/v1/tracks/1GCP8U6zN6l0cSaArj9THT,audio_features,spotify:track:1GCP8U6zN6l0cSaArj9THT,0.329
64,0.339,https://api.spotify.com/v1/audio-analysis/6q05J9erHFY3nAw6eG4jmd,0.641,181360.0,0.544,6q05J9erHFY3nAw6eG4jmd,0.0,11.0,0.0443,-11.213,0.0,0.223,120.84,medium_term,4.0,https://api.spotify.com/v1/tracks/6q05J9erHFY3nAw6eG4jmd,audio_features,spotify:track:6q05J9erHFY3nAw6eG4jmd,0.654
65,0.0543,https://api.spotify.com/v1/audio-analysis/34dK493M256BU2UFA9XJ06,0.564,251053.0,0.676,34dK493M256BU2UFA9XJ06,0.0524,11.0,0.106,-10.49,0.0,0.0647,160.039,medium_term,4.0,https://api.spotify.com/v1/tracks/34dK493M256BU2UFA9XJ06,audio_features,spotify:track:34dK493M256BU2UFA9XJ06,0.286
66,0.961,https://api.spotify.com/v1/audio-analysis/3weNRklVDqb4Rr5MhKBR3D,0.191,357707.0,0.0582,3weNRklVDqb4Rr5MhKBR3D,0.89,8.0,0.0941,-25.398,1.0,0.0578,132.614,medium_term,1.0,https://api.spotify.com/v1/tracks/3weNRklVDqb4Rr5MhKBR3D,audio_features,spotify:track:3weNRklVDqb4Rr5MhKBR3D,0.0454
67,0.393,https://api.spotify.com/v1/audio-analysis/6VNooTY5w9A9wg1YUsEbKB,0.697,218358.0,0.578,6VNooTY5w9A9wg1YUsEbKB,0.379,9.0,0.106,-5.213,0.0,0.095,114.995,medium_term,4.0,https://api.spotify.com/v1/tracks/6VNooTY5w9A9wg1YUsEbKB,audio_features,spotify:track:6VNooTY5w9A9wg1YUsEbKB,0.3
68,0.291,https://api.spotify.com/v1/audio-analysis/66tkDkPsznE5zIHNt4QkXB,0.863,249957.0,0.533,66tkDkPsznE5zIHNt4QkXB,0.00126,5.0,0.0794,-7.986,0.0,0.0484,102.025,medium_term,4.0,https://api.spotify.com/v1/tracks/66tkDkPsznE5zIHNt4QkXB,audio_features,spotify:track:66tkDkPsznE5zIHNt4QkXB,0.738
69,0.338,https://api.spotify.com/v1/audio-analysis/6CohXotXOrMVAB0bSPzqzm,0.828,222067.0,0.744,6CohXotXOrMVAB0bSPzqzm,0.000774,2.0,0.158,-4.932,1.0,0.0646,121.09,medium_term,4.0,https://api.spotify.com/v1/tracks/6CohXotXOrMVAB0bSPzqzm,audio_features,spotify:track:6CohXotXOrMVAB0bSPzqzm,0.831
70,0.382,https://api.spotify.com/v1/audio-analysis/1snNAXmmPXCn0dkF9DaPWw,0.593,282813.0,0.392,1snNAXmmPXCn0dkF9DaPWw,0.000114,10.0,0.131,-6.872,0.0,0.0257,75.065,medium_term,4.0,https://api.spotify.com/v1/tracks/1snNAXmmPXCn0dkF9DaPWw,audio_features,spotify:track:1snNAXmmPXCn0dkF9DaPWw,0.25
71,0.0714,https://api.spotify.com/v1/audio-analysis/235WOckrcKWAt8rDHBDvI2,0.699,211666.0,0.357,235WOckrcKWAt8rDHBDvI2,2.2e-06,7.0,0.113,-11.412,0.0,0.134,99.981,medium_term,4.0,https://api.spotify.com/v1/tracks/235WOckrcKWAt8rDHBDvI2,audio_features,spotify:track:235WOckrcKWAt8rDHBDvI2,0.305
72,0.173,https://api.spotify.com/v1/audio-analysis/4Ri84aoor16uSkNtpAvPgQ,0.919,303572.0,0.44,4Ri84aoor16uSkNtpAvPgQ,0.00392,1.0,0.0681,-11.588,1.0,0.0689,114.972,medium_term,4.0,https://api.spotify.com/v1/tracks/4Ri84aoor16uSkNtpAvPgQ,audio_features,spotify:track:4Ri84aoor16uSkNtpAvPgQ,0.369
73,0.0352,https://api.spotify.com/v1/audio-analysis/3k5oLgungD1dSOGLqQdIQw,0.632,252812.0,0.637,3k5oLgungD1dSOGLqQdIQw,0.158,7.0,0.0997,-10.011,1.0,0.0348,111.551,medium_term,4.0,https://api.spotify.com/v1/tracks/3k5oLgungD1dSOGLqQdIQw,audio_features,spotify:track:3k5oLgungD1dSOGLqQdIQw,0.614
74,0.0491,https://api.spotify.com/v1/audio-analysis/1iMOlA78LDd12ZHhuBNDh6,0.723,420720.0,0.754,1iMOlA78LDd12ZHhuBNDh6,0.00112,10.0,0.393,-9.376,1.0,0.0576,97.201,medium_term,4.0,https://api.spotify.com/v1/tracks/1iMOlA78LDd12ZHhuBNDh6,audio_features,spotify:track:1iMOlA78LDd12ZHhuBNDh6,0.592
75,0.275,https://api.spotify.com/v1/audio-analysis/24nL5EXPrdodyCdxXoRRBZ,0.935,198305.0,0.526,24nL5EXPrdodyCdxXoRRBZ,0.238,8.0,0.0673,-8.256,0.0,0.0645,118.009,medium_term,4.0,https://api.spotify.com/v1/tracks/24nL5EXPrdodyCdxXoRRBZ,audio_features,spotify:track:24nL5EXPrdodyCdxXoRRBZ,0.778
76,0.114,https://api.spotify.com/v1/audio-analysis/6bO3Bdcna0RoBTIdm5j3Wm,0.606,233547.0,0.868,6bO3Bdcna0RoBTIdm5j3Wm,0.0,11.0,0.37,-7.838,1.0,0.171,93.059,medium_term,4.0,https://api.spotify.com/v1/tracks/6bO3Bdcna0RoBTIdm5j3Wm,audio_features,spotify:track:6bO3Bdcna0RoBTIdm5j3Wm,0.723
77,0.00958,https://api.spotify.com/v1/audio-analysis/60a0Rd6pjrkxjPbaKzXjfq,0.556,216880.0,0.864,60a0Rd6pjrkxjPbaKzXjfq,0.0,3.0,0.209,-5.87,0.0,0.0584,105.143,medium_term,4.0,https://api.spotify.com/v1/tracks/60a0Rd6pjrkxjPbaKzXjfq,audio_features,spotify:track:60a0Rd6pjrkxjPbaKzXjfq,0.4
78,0.00474,https://api.spotify.com/v1/audio-analysis/511InmWye3UrDWkcE4SmT4,0.772,305649.0,0.65,511InmWye3UrDWkcE4SmT4,0.73,2.0,0.146,-7.449,0.0,0.0341,120.015,medium_term,4.0,https://api.spotify.com/v1/tracks/511InmWye3UrDWkcE4SmT4,audio_features,spotify:track:511InmWye3UrDWkcE4SmT4,0.196
79,0.285,https://api.spotify.com/v1/audio-analysis/0aKpOyXZ9AbaBfDs4eVc0y,0.438,193200.0,0.575,0aKpOyXZ9AbaBfDs4eVc0y,9.96e-05,0.0,0.0874,-11.519,1.0,0.34,174.376,medium_term,4.0,https://api.spotify.com/v1/tracks/0aKpOyXZ9AbaBfDs4eVc0y,audio_features,spotify:track:0aKpOyXZ9AbaBfDs4eVc0y,0.682
80,0.748,https://api.spotify.com/v1/audio-analysis/4SS4YfDAEQG0fZAe1xfgn3,0.595,191104.0,0.528,4SS4YfDAEQG0fZAe1xfgn3,0.0,5.0,0.112,-8.922,0.0,0.0621,153.74,medium_term,4.0,https://api.spotify.com/v1/tracks/4SS4YfDAEQG0fZAe1xfgn3,audio_features,spotify:track:4SS4YfDAEQG0fZAe1xfgn3,0.419
81,0.427,https://api.spotify.com/v1/audio-analysis/1gwVDu3zIbLfufg69APtCT,0.741,193605.0,0.556,1gwVDu3zIbLfufg69APtCT,0.0,7.0,0.104,-6.904,0.0,0.113,79.043,medium_term,4.0,https://api.spotify.com/v1/tracks/1gwVDu3zIbLfufg69APtCT,audio_features,spotify:track:1gwVDu3zIbLfufg69APtCT,0.71
82,0.784,https://api.spotify.com/v1/audio-analysis/0MpsyFvt1KaxNYBYw2aanq,0.573,248707.0,0.639,0MpsyFvt1KaxNYBYw2aanq,0.633,0.0,0.0923,-7.143,1.0,0.0247,89.575,medium_term,4.0,https://api.spotify.com/v1/tracks/0MpsyFvt1KaxNYBYw2aanq,audio_features,spotify:track:0MpsyFvt1KaxNYBYw2aanq,0.24
83,0.000741,https://api.spotify.com/v1/audio-analysis/3iCO0ZekWPK6rmLnDjejLB,0.564,180843.0,0.723,3iCO0ZekWPK6rmLnDjejLB,0.672,2.0,0.543,-6.983,0.0,0.0702,121.97,medium_term,4.0,https://api.spotify.com/v1/tracks/3iCO0ZekWPK6rmLnDjejLB,audio_features,spotify:track:3iCO0ZekWPK6rmLnDjejLB,0.466
84,0.921,https://api.spotify.com/v1/audio-analysis/7AKqM1fV3UuVDvmfPlGqiU,0.344,259347.0,0.244,7AKqM1fV3UuVDvmfPlGqiU,7.71e-05,5.0,0.119,-10.854,1.0,0.038,142.36,medium_term,1.0,https://api.spotify.com/v1/tracks/7AKqM1fV3UuVDvmfPlGqiU,audio_features,spotify:track:7AKqM1fV3UuVDvmfPlGqiU,0.191
85,0.0987,https://api.spotify.com/v1/audio-analysis/4sFyLyuJOUVMDcaSg1oHEa,0.818,243946.0,0.562,4sFyLyuJOUVMDcaSg1oHEa,0.813,10.0,0.355,-7.779,0.0,0.0356,125.03,medium_term,4.0,https://api.spotify.com/v1/tracks/4sFyLyuJOUVMDcaSg1oHEa,audio_features,spotify:track:4sFyLyuJOUVMDcaSg1oHEa,0.57
86,0.128,https://api.spotify.com/v1/audio-analysis/4jDmJ51x1o9NZB5Nxxc7gY,0.574,300107.0,0.629,4jDmJ51x1o9NZB5Nxxc7gY,0.0,2.0,0.271,-8.815,0.0,0.0363,153.119,medium_term,4.0,https://api.spotify.com/v1/tracks/4jDmJ51x1o9NZB5Nxxc7gY,audio_features,spotify:track:4jDmJ51x1o9NZB5Nxxc7gY,0.786
87,0.868,https://api.spotify.com/v1/audio-analysis/1dt33fni648jHSWqkXWljd,0.773,268356.0,0.594,1dt33fni648jHSWqkXWljd,0.00209,0.0,0.661,-11.67,0.0,0.317,160.119,medium_term,4.0,https://api.spotify.com/v1/tracks/1dt33fni648jHSWqkXWljd,audio_features,spotify:track:1dt33fni648jHSWqkXWljd,0.537
88,0.168,https://api.spotify.com/v1/audio-analysis/2grjqo0Frpf2okIBiifQKs,0.697,215093.0,0.832,2grjqo0Frpf2okIBiifQKs,0.00131,9.0,0.269,-7.264,1.0,0.0298,125.926,medium_term,4.0,https://api.spotify.com/v1/tracks/2grjqo0Frpf2okIBiifQKs,audio_features,spotify:track:2grjqo0Frpf2okIBiifQKs,0.979
89,0.0917,https://api.spotify.com/v1/audio-analysis/3uvALUobqjZvTGAh6737Mb,0.665,270720.0,0.549,3uvALUobqjZvTGAh6737Mb,0.557,7.0,0.0583,-11.388,0.0,0.0458,91.036,medium_term,4.0,https://api.spotify.com/v1/tracks/3uvALUobqjZvTGAh6737Mb,audio_features,spotify:track:3uvALUobqjZvTGAh6737Mb,0.217
90,0.492,https://api.spotify.com/v1/audio-analysis/7DFawVSjI88xR9mjnWwURg,0.638,204000.0,0.352,7DFawVSjI88xR9mjnWwURg,0.0,10.0,0.105,-9.266,1.0,0.0268,94.173,medium_term,3.0,https://api.spotify.com/v1/tracks/7DFawVSjI88xR9mjnWwURg,audio_features,spotify:track:7DFawVSjI88xR9mjnWwURg,0.204
91,0.669,https://api.spotify.com/v1/audio-analysis/51rPRW8NjxZoWPPjnRGzHw,0.704,301893.0,0.487,51rPRW8NjxZoWPPjnRGzHw,8.64e-05,9.0,0.111,-6.407,0.0,0.0604,121.726,medium_term,4.0,https://api.spotify.com/v1/tracks/51rPRW8NjxZoWPPjnRGzHw,audio_features,spotify:track:51rPRW8NjxZoWPPjnRGzHw,0.313
92,0.248,https://api.spotify.com/v1/audio-analysis/08ZsjdutZdbzDChcuRMORX,0.646,234174.0,0.291,08ZsjdutZdbzDChcuRMORX,0.551,5.0,0.0946,-14.345,1.0,0.0386,139.991,medium_term,4.0,https://api.spotify.com/v1/tracks/08ZsjdutZdbzDChcuRMORX,audio_features,spotify:track:08ZsjdutZdbzDChcuRMORX,0.51
93,0.0469,https://api.spotify.com/v1/audio-analysis/0cmIv2Q3OZ6q7oBOuJqA7N,0.934,160411.0,0.493,0cmIv2Q3OZ6q7oBOuJqA7N,0.0,8.0,0.0636,-7.03,1.0,0.0693,116.063,medium_term,4.0,https://api.spotify.com/v1/tracks/0cmIv2Q3OZ6q7oBOuJqA7N,audio_features,spotify:track:0cmIv2Q3OZ6q7oBOuJqA7N,0.869
94,0.082,https://api.spotify.com/v1/audio-analysis/3cCLvbMCHMgX7DLXPr1ALv,0.655,184939.0,0.794,3cCLvbMCHMgX7DLXPr1ALv,0.0791,10.0,0.0457,-5.872,0.0,0.25,187.007,medium_term,4.0,https://api.spotify.com/v1/tracks/3cCLvbMCHMgX7DLXPr1ALv,audio_features,spotify:track:3cCLvbMCHMgX7DLXPr1ALv,0.667
95,0.19,https://api.spotify.com/v1/audio-analysis/04YutdH0j1INpsva3gOipt,0.878,251429.0,0.626,04YutdH0j1INpsva3gOipt,0.000731,2.0,0.0939,-6.945,1.0,0.0476,105.046,medium_term,4.0,https://api.spotify.com/v1/tracks/04YutdH0j1INpsva3gOipt,audio_features,spotify:track:04YutdH0j1INpsva3gOipt,0.427
96,0.129,https://api.spotify.com/v1/audio-analysis/3qaSqrrevBrb84xl5JlptU,0.506,297427.0,0.93,3qaSqrrevBrb84xl5JlptU,0.00682,4.0,0.0931,-3.499,1.0,0.0675,146.994,medium_term,4.0,https://api.spotify.com/v1/tracks/3qaSqrrevBrb84xl5JlptU,audio_features,spotify:track:3qaSqrrevBrb84xl5JlptU,0.305
97,0.00915,https://api.spotify.com/v1/audio-analysis/2NeSirLM2VHQW4upn0nMfB,0.747,233979.0,0.865,2NeSirLM2VHQW4upn0nMfB,0.486,8.0,0.0425,-8.094,0.0,0.0351,122.994,medium_term,4.0,https://api.spotify.com/v1/tracks/2NeSirLM2VHQW4upn0nMfB,audio_features,spotify:track:2NeSirLM2VHQW4upn0nMfB,0.935
98,0.0919,https://api.spotify.com/v1/audio-analysis/7mfvOqsvzZaUl7sfbcNk4E,0.605,235227.0,0.532,7mfvOqsvzZaUl7sfbcNk4E,0.000576,1.0,0.0762,-10.872,0.0,0.0337,102.804,medium_term,4.0,https://api.spotify.com/v1/tracks/7mfvOqsvzZaUl7sfbcNk4E,audio_features,spotify:track:7mfvOqsvzZaUl7sfbcNk4E,0.139
99,0.195,https://api.spotify.com/v1/audio-analysis/7mrWTjhYctgEQb0lJKrVWy,0.88,233905.0,0.607,7mrWTjhYctgEQb0lJKrVWy,0.0537,6.0,0.15,-7.067,1.0,0.0777,126.039,medium_term,4.0,https://api.spotify.com/v1/tracks/7mrWTjhYctgEQb0lJKrVWy,audio_features,spotify:track:7mrWTjhYctgEQb0lJKrVWy,0.823
100,0.6,https://api.spotify.com/v1/audio-analysis/4IsHMzDbRE8q5Z4ALsQj3o,0.791,230500.0,0.329,4IsHMzDbRE8q5Z4ALsQj3o,0.863,10.0,0.193,-12.906,0.0,0.0592,127.021,short_term,4.0,https://api.spotify.com/v1/tracks/4IsHMzDbRE8q5Z4ALsQj3o,audio_features,spotify:track:4IsHMzDbRE8q5Z4ALsQj3o,0.526
101,0.139,https://api.spotify.com/v1/audio-analysis/5WxzuqQCeCsFlUEStzTp3K,0.825,195187.0,0.761,5WxzuqQCeCsFlUEStzTp3K,0.0,1.0,0.157,-6.591,1.0,0.189,88.994,short_term,4.0,https://api.spotify.com/v1/tracks/5WxzuqQCeCsFlUEStzTp3K,audio_features,spotify:track:5WxzuqQCeCsFlUEStzTp3K,0.875
102,0.316,https://api.spotify.com/v1/audio-analysis/0rufHvzVQmCDpjf3qWLtC3,0.689,245585.0,0.425,0rufHvzVQmCDpjf3qWLtC3,0.0,8.0,0.122,-7.23,1.0,0.314,93.95,short_term,4.0,https://api.spotify.com/v1/tracks/0rufHvzVQmCDpjf3qWLtC3,audio_features,spotify:track:0rufHvzVQmCDpjf3qWLtC3,0.371
103,0.592,https://api.spotify.com/v1/audio-analysis/06WnUZymWyJamDivTWqJZA,0.559,221895.0,0.67,06WnUZymWyJamDivTWqJZA,0.000184,7.0,0.171,-4.985,1.0,0.0474,78.957,short_term,4.0,https://api.spotify.com/v1/tracks/06WnUZymWyJamDivTWqJZA,audio_features,spotify:track:06WnUZymWyJamDivTWqJZA,0.438
104,0.00958,https://api.spotify.com/v1/audio-analysis/60a0Rd6pjrkxjPbaKzXjfq,0.556,216880.0,0.864,60a0Rd6pjrkxjPbaKzXjfq,0.0,3.0,0.209,-5.87,0.0,0.0584,105.143,short_term,4.0,https://api.spotify.com/v1/tracks/60a0Rd6pjrkxjPbaKzXjfq,audio_features,spotify:track:60a0Rd6pjrkxjPbaKzXjfq,0.4
105,0.338,https://api.spotify.com/v1/audio-analysis/6CohXotXOrMVAB0bSPzqzm,0.828,222067.0,0.744,6CohXotXOrMVAB0bSPzqzm,0.000774,2.0,0.158,-4.932,1.0,0.0646,121.09,short_term,4.0,https://api.spotify.com/v1/tracks/6CohXotXOrMVAB0bSPzqzm,audio_features,spotify:track:6CohXotXOrMVAB0bSPzqzm,0.831
106,0.0714,https://api.spotify.com/v1/audio-analysis/235WOckrcKWAt8rDHBDvI2,0.699,211666.0,0.357,235WOckrcKWAt8rDHBDvI2,2.2e-06,7.0,0.113,-11.412,0.0,0.134,99.981,short_term,4.0,https://api.spotify.com/v1/tracks/235WOckrcKWAt8rDHBDvI2,audio_features,spotify:track:235WOckrcKWAt8rDHBDvI2,0.305
107,0.0919,https://api.spotify.com/v1/audio-analysis/7mfvOqsvzZaUl7sfbcNk4E,0.605,235227.0,0.532,7mfvOqsvzZaUl7sfbcNk4E,0.000576,1.0,0.0762,-10.872,0.0,0.0337,102.804,short_term,4.0,https://api.spotify.com/v1/tracks/7mfvOqsvzZaUl7sfbcNk4E,audio_features,spotify:track:7mfvOqsvzZaUl7sfbcNk4E,0.139
108,0.168,https://api.spotify.com/v1/audio-analysis/2grjqo0Frpf2okIBiifQKs,0.697,215093.0,0.832,2grjqo0Frpf2okIBiifQKs,0.00131,9.0,0.269,-7.264,1.0,0.0298,125.926,short_term,4.0,https://api.spotify.com/v1/tracks/2grjqo0Frpf2okIBiifQKs,audio_features,spotify:track:2grjqo0Frpf2okIBiifQKs,0.979
109,0.275,https://api.spotify.com/v1/audio-analysis/24nL5EXPrdodyCdxXoRRBZ,0.935,198305.0,0.526,24nL5EXPrdodyCdxXoRRBZ,0.238,8.0,0.0673,-8.256,0.0,0.0645,118.009,short_term,4.0,https://api.spotify.com/v1/tracks/24nL5EXPrdodyCdxXoRRBZ,audio_features,spotify:track:24nL5EXPrdodyCdxXoRRBZ,0.778
110,0.382,https://api.spotify.com/v1/audio-analysis/1snNAXmmPXCn0dkF9DaPWw,0.593,282813.0,0.392,1snNAXmmPXCn0dkF9DaPWw,0.000114,10.0,0.131,-6.872,0.0,0.0257,75.065,short_term,4.0,https://api.spotify.com/v1/tracks/1snNAXmmPXCn0dkF9DaPWw,audio_features,spotify:track:1snNAXmmPXCn0dkF9DaPWw,0.25
111,0.082,https://api.spotify.com/v1/audio-analysis/3cCLvbMCHMgX7DLXPr1ALv,0.655,184939.0,0.794,3cCLvbMCHMgX7DLXPr1ALv,0.0791,10.0,0.0457,-5.872,0.0,0.25,187.007,short_term,4.0,https://api.spotify.com/v1/tracks/3cCLvbMCHMgX7DLXPr1ALv,audio_features,spotify:track:3cCLvbMCHMgX7DLXPr1ALv,0.667
112,0.669,https://api.spotify.com/v1/audio-analysis/51rPRW8NjxZoWPPjnRGzHw,0.704,301893.0,0.487,51rPRW8NjxZoWPPjnRGzHw,8.64e-05,9.0,0.111,-6.407,0.0,0.0604,121.726,short_term,4.0,https://api.spotify.com/v1/tracks/51rPRW8NjxZoWPPjnRGzHw,audio_features,spotify:track:51rPRW8NjxZoWPPjnRGzHw,0.313
113,0.0491,https://api.spotify.com/v1/audio-analysis/1iMOlA78LDd12ZHhuBNDh6,0.723,420720.0,0.754,1iMOlA78LDd12ZHhuBNDh6,0.00112,10.0,0.393,-9.376,1.0,0.0576,97.201,short_term,4.0,https://api.spotify.com/v1/tracks/1iMOlA78LDd12ZHhuBNDh6,audio_features,spotify:track:1iMOlA78LDd12ZHhuBNDh6,0.592
114,0.00474,https://api.spotify.com/v1/audio-analysis/511InmWye3UrDWkcE4SmT4,0.772,305649.0,0.65,511InmWye3UrDWkcE4SmT4,0.73,2.0,0.146,-7.449,0.0,0.0341,120.015,short_term,4.0,https://api.spotify.com/v1/tracks/511InmWye3UrDWkcE4SmT4,audio_features,spotify:track:511InmWye3UrDWkcE4SmT4,0.196
115,0.393,https://api.spotify.com/v1/audio-analysis/6VNooTY5w9A9wg1YUsEbKB,0.697,218358.0,0.578,6VNooTY5w9A9wg1YUsEbKB,0.379,9.0,0.106,-5.213,0.0,0.095,114.995,short_term,4.0,https://api.spotify.com/v1/tracks/6VNooTY5w9A9wg1YUsEbKB,audio_features,spotify:track:6VNooTY5w9A9wg1YUsEbKB,0.3
116,0.0987,https://api.spotify.com/v1/audio-analysis/4sFyLyuJOUVMDcaSg1oHEa,0.818,243946.0,0.562,4sFyLyuJOUVMDcaSg1oHEa,0.813,10.0,0.355,-7.779,0.0,0.0356,125.03,short_term,4.0,https://api.spotify.com/v1/tracks/4sFyLyuJOUVMDcaSg1oHEa,audio_features,spotify:track:4sFyLyuJOUVMDcaSg1oHEa,0.57
117,0.00915,https://api.spotify.com/v1/audio-analysis/2NeSirLM2VHQW4upn0nMfB,0.747,233979.0,0.865,2NeSirLM2VHQW4upn0nMfB,0.486,8.0,0.0425,-8.094,0.0,0.0351,122.994,short_term,4.0,https://api.spotify.com/v1/tracks/2NeSirLM2VHQW4upn0nMfB,audio_features,spotify:track:2NeSirLM2VHQW4upn0nMfB,0.935
118,0.12,https://api.spotify.com/v1/audio-analysis/37D9O4De2WL1hA6gyResgl,0.761,305777.0,0.263,37D9O4De2WL1hA6gyResgl,0.239,0.0,0.0996,-14.762,0.0,0.0473,107.991,short_term,4.0,https://api.spotify.com/v1/tracks/37D9O4De2WL1hA6gyResgl,audio_features,spotify:track:37D9O4De2WL1hA6gyResgl,0.315
119,0.291,https://api.spotify.com/v1/audio-analysis/66tkDkPsznE5zIHNt4QkXB,0.863,249957.0,0.533,66tkDkPsznE5zIHNt4QkXB,0.00126,5.0,0.0794,-7.986,0.0,0.0484,102.025,short_term,4.0,https://api.spotify.com/v1/tracks/66tkDkPsznE5zIHNt4QkXB,audio_features,spotify:track:66tkDkPsznE5zIHNt4QkXB,0.738
120,0.922,https://api.spotify.com/v1/audio-analysis/3U4isOIWM3VvDubwSI3y7a,0.422,269560.0,0.264,3U4isOIWM3VvDubwSI3y7a,0.0,8.0,0.132,-7.064,1.0,0.0322,119.93,short_term,4.0,https://api.spotify.com/v1/tracks/3U4isOIWM3VvDubwSI3y7a,audio_features,spotify:track:3U4isOIWM3VvDubwSI3y7a,0.331
121,0.207,https://api.spotify.com/v1/audio-analysis/5ASHqDimzXwcnMkjNNyfP0,0.913,226307.0,0.588,5ASHqDimzXwcnMkjNNyfP0,0.0,0.0,0.111,-5.705,1.0,0.188,107.168,short_term,4.0,https://api.spotify.com/v1/tracks/5ASHqDimzXwcnMkjNNyfP0,audio_features,spotify:track:5ASHqDimzXwcnMkjNNyfP0,0.716
122,0.228,https://api.spotify.com/v1/audio-analysis/33irEjZEVGzPMZGbl4VRRF,0.915,349228.0,0.839,33irEjZEVGzPMZGbl4VRRF,0.781,9.0,0.0822,-6.383,1.0,0.147,126.033,short_term,4.0,https://api.spotify.com/v1/tracks/33irEjZEVGzPMZGbl4VRRF,audio_features,spotify:track:33irEjZEVGzPMZGbl4VRRF,0.681
123,0.0942,https://api.spotify.com/v1/audio-analysis/260V7huyJrXnyYe0dFv2Fa,0.704,276293.0,0.692,260V7huyJrXnyYe0dFv2Fa,0.0109,5.0,0.0922,-6.558,0.0,0.0304,96.005,short_term,4.0,https://api.spotify.com/v1/tracks/260V7huyJrXnyYe0dFv2Fa,audio_features,spotify:track:260V7huyJrXnyYe0dFv2Fa,0.369
124,0.173,https://api.spotify.com/v1/audio-analysis/4Ri84aoor16uSkNtpAvPgQ,0.919,303572.0,0.44,4Ri84aoor16uSkNtpAvPgQ,0.00392,1.0,0.0681,-11.588,1.0,0.0689,114.972,short_term,4.0,https://api.spotify.com/v1/tracks/4Ri84aoor16uSkNtpAvPgQ,audio_features,spotify:track:4Ri84aoor16uSkNtpAvPgQ,0.369
125,0.221,https://api.spotify.com/v1/audio-analysis/5rYilIuAwh6HhpVB44HI31,0.67,223267.0,0.643,5rYilIuAwh6HhpVB44HI31,1.58e-05,6.0,0.142,-7.198,0.0,0.0286,129.013,short_term,4.0,https://api.spotify.com/v1/tracks/5rYilIuAwh6HhpVB44HI31,audio_features,spotify:track:5rYilIuAwh6HhpVB44HI31,0.893
126,0.31,https://api.spotify.com/v1/audio-analysis/4hpmG15B0IJcB88PgrHu1U,0.869,204324.0,0.486,4hpmG15B0IJcB88PgrHu1U,0.311,1.0,0.102,-6.564,1.0,0.0446,111.004,short_term,4.0,https://api.spotify.com/v1/tracks/4hpmG15B0IJcB88PgrHu1U,audio_features,spotify:track:4hpmG15B0IJcB88PgrHu1U,0.52
127,0.0314,https://api.spotify.com/v1/audio-analysis/18nGprzEucUO4FF768lLhe,0.67,325415.0,0.939,18nGprzEucUO4FF768lLhe,0.791,1.0,0.0841,-7.216,1.0,0.0418,122.012,short_term,4.0,https://api.spotify.com/v1/tracks/18nGprzEucUO4FF768lLhe,audio_features,spotify:track:18nGprzEucUO4FF768lLhe,0.388
128,0.682,https://api.spotify.com/v1/audio-analysis/6zAqmi9YkgnMxbqLcf7hDv,0.823,427151.0,0.436,6zAqmi9YkgnMxbqLcf7hDv,0.0519,9.0,0.343,-10.439,0.0,0.105,105.096,short_term,4.0,https://api.spotify.com/v1/tracks/6zAqmi9YkgnMxbqLcf7hDv,audio_features,spotify:track:6zAqmi9YkgnMxbqLcf7hDv,0.452
129,0.0917,https://api.spotify.com/v1/audio-analysis/3uvALUobqjZvTGAh6737Mb,0.665,270720.0,0.549,3uvALUobqjZvTGAh6737Mb,0.557,7.0,0.0583,-11.388,0.0,0.0458,91.036,short_term,4.0,https://api.spotify.com/v1/tracks/3uvALUobqjZvTGAh6737Mb,audio_features,spotify:track:3uvALUobqjZvTGAh6737Mb,0.217
130,0.000224,https://api.spotify.com/v1/audio-analysis/3lrNU0pvwTaXsgDqa55A8j,0.805,404630.0,0.529,3lrNU0pvwTaXsgDqa55A8j,0.894,7.0,0.0844,-12.111,0.0,0.0378,121.004,short_term,4.0,https://api.spotify.com/v1/tracks/3lrNU0pvwTaXsgDqa55A8j,audio_features,spotify:track:3lrNU0pvwTaXsgDqa55A8j,0.714
131,0.0469,https://api.spotify.com/v1/audio-analysis/0cmIv2Q3OZ6q7oBOuJqA7N,0.934,160411.0,0.493,0cmIv2Q3OZ6q7oBOuJqA7N,0.0,8.0,0.0636,-7.03,1.0,0.0693,116.063,short_term,4.0,https://api.spotify.com/v1/tracks/0cmIv2Q3OZ6q7oBOuJqA7N,audio_features,spotify:track:0cmIv2Q3OZ6q7oBOuJqA7N,0.869
132,0.248,https://api.spotify.com/v1/audio-analysis/247LJ2oARxtQuFAlbPIx79,0.687,189442.0,0.633,247LJ2oARxtQuFAlbPIx79,0.0,4.0,0.0912,-5.738,1.0,0.0901,146.93,short_term,4.0,https://api.spotify.com/v1/tracks/247LJ2oARxtQuFAlbPIx79,audio_features,spotify:track:247LJ2oARxtQuFAlbPIx79,0.528
133,0.085,https://api.spotify.com/v1/audio-analysis/1g8JtlcyjbBeBwwHZATYBQ,0.834,171867.0,0.451,1g8JtlcyjbBeBwwHZATYBQ,0.000985,1.0,0.0868,-9.786,1.0,0.0824,101.765,short_term,4.0,https://api.spotify.com/v1/tracks/1g8JtlcyjbBeBwwHZATYBQ,audio_features,spotify:track:1g8JtlcyjbBeBwwHZATYBQ,0.43
134,0.748,https://api.spotify.com/v1/audio-analysis/4SS4YfDAEQG0fZAe1xfgn3,0.595,191104.0,0.528,4SS4YfDAEQG0fZAe1xfgn3,0.0,5.0,0.112,-8.922,0.0,0.0621,153.74,short_term,4.0,https://api.spotify.com/v1/tracks/4SS4YfDAEQG0fZAe1xfgn3,audio_features,spotify:track:4SS4YfDAEQG0fZAe1xfgn3,0.419
135,0.0209,https://api.spotify.com/v1/audio-analysis/6IwKcFdiRQZOWeYNhUiWIv,0.644,253813.0,0.548,6IwKcFdiRQZOWeYNhUiWIv,8.68e-06,1.0,0.134,-5.416,0.0,0.0286,90.042,short_term,4.0,https://api.spotify.com/v1/tracks/6IwKcFdiRQZOWeYNhUiWIv,audio_features,spotify:track:6IwKcFdiRQZOWeYNhUiWIv,0.166
136,0.661,https://api.spotify.com/v1/audio-analysis/4Z4i631BesV0P6LTvfLAdL,0.741,417100.0,0.619,4Z4i631BesV0P6LTvfLAdL,0.674,1.0,0.125,-11.366,0.0,0.0514,126.008,short_term,4.0,https://api.spotify.com/v1/tracks/4Z4i631BesV0P6LTvfLAdL,audio_features,spotify:track:4Z4i631BesV0P6LTvfLAdL,0.146
137,0.401,https://api.spotify.com/v1/audio-analysis/0SWGLSAide4VLLrnTAfZA1,0.748,237083.0,0.603,0SWGLSAide4VLLrnTAfZA1,2.05e-05,0.0,0.0731,-7.243,1.0,0.0336,115.007,short_term,4.0,https://api.spotify.com/v1/tracks/0SWGLSAide4VLLrnTAfZA1,audio_features,spotify:track:0SWGLSAide4VLLrnTAfZA1,0.288
138,0.434,https://api.spotify.com/v1/audio-analysis/2LGL71GENQR0oC9jMwTTZY,0.624,225493.0,0.628,2LGL71GENQR0oC9jMwTTZY,0.0,7.0,0.179,-9.846,1.0,0.0303,108.102,short_term,4.0,https://api.spotify.com/v1/tracks/2LGL71GENQR0oC9jMwTTZY,audio_features,spotify:track:2LGL71GENQR0oC9jMwTTZY,0.783
